PATIENT,RACE,ETHNICITY,GENDER,DEATH_FN,AGE_FN_YEARS,BACTEREMIA,WELLNESS_CONT,AMBULATORY_SYMPTOM_CONT,MED_AMLD,NEUT_CONT,BODY_TEMP_F
bb37561b-ba65-7c47-db5b-0641bca883b4,white,nonhispanic,M,0,3,0,9.0,1.0,0,406.5,102.3
678fc07c-1cb1-acc6-3553-d848200626e9,white,nonhispanic,F,0,16,0,9.0,2.0,0,265.8,101.9
04efa71e-b8ed-980b-94a1-cd25e94b6015,other,nonhispanic,F,0,4,0,13.0,2.0,0,496.3,101.7
1e466cbc-5018-4c1a-b132-cf8a4a4d87cf,white,nonhispanic,F,0,21,1,4.0,10.0,0,321.7,101.8
8e9d1dd0-085f-a629-3ea6-9033f330b383,white,nonhispanic,F,0,20,1,3.0,1.0,0,460.9,103.0
fe4a9a3a-206c-048a-94ff-5c15a2ce745a,hawaiian,nonhispanic,M,0,13,1,5.0,0.0,0,358.8,100.8
0b33cdec-f69f-d533-1841-cff1c3cc17dc,other,nonhispanic,F,0,4,1,5.0,2.0,1,421.9,102.2
f889ed71-2cd9-25c0-e8f3-45e5cc2d23b2,hawaiian,nonhispanic,F,0,1,1,2.0,0.0,0,273.2,101.3
86b7c6c8-d523-17ca-38d8-a40ff92ffffd,white,nonhispanic,F,0,6,0,15.0,1.0,0,284.0,101.5
2bf20537-d380-be8f-c0f9-ddac7d315d34,white,nonhispanic,F,0,18,0,3.0,0.0,1,323.2,102.4
cea409fe-95a2-abd4-52ff-f7b6b0402c89,native,nonhispanic,M,0,9,1,1.0,0.0,0,344.1,102.9
bf17b3d6-8405-672d-3685-a0a78ad7b4ec,white,nonhispanic,M,0,3,0,11.0,2.0,0,313.0,101.7
0dc670fe-5d98-e434-d1f6-4f253535f817,white,nonhispanic,M,0,2,0,9.0,0.0,0,267.5,101.5
c78eed45-20a3-2522-a096-07bdcb9c0a27,native,nonhispanic,F,0,4,0,8.0,0.0,1,362.1,102.8
88d26be4-93fc-0254-98a2-4cc3f8259220,white,nonhispanic,F,0,7,0,1.0,0.0,0,498.7,102.8
5429227f-c53f-74a3-2636-1a19fc58c4ac,white,nonhispanic,M,0,20,1,4.0,2.0,0,431.6,100.6
3f3006ef-27bf-6259-6db6-2b87e4b46b24,white,nonhispanic,M,0,7,0,16.0,2.0,0,407.0,102.4
485e1481-6b29-0b93-d96f-efc9fa3d2c5f,white,nonhispanic,M,0,5,0,6.0,0.0,1,333.5,102.0
4b7bb9f6-5aba-da84-b8b5-d7eb362e51d8,white,nonhispanic,M,0,4,1,13.0,1.0,0,337.2,102.4
3ad364dd-9b86-0a69-3a14-4323f141a630,white,nonhispanic,M,0,1,0,6.0,0.0,0,374.1,102.6
87e7b2e1-cbf0-5e1f-d0a9-9a916522221b,white,nonhispanic,F,0,7,0,8.0,2.0,0,289.2,100.4
4638c14d-45e5-0834-8783-fd8971080b9b,white,nonhispanic,M,0,5,0,14.0,3.0,0,290.4,102.3
73bce5aa-52fc-9101-e1f1-a80e84447b25,white,nonhispanic,F,1,15,0,9.0,2.0,0,445.3,102.7
ea652b8e-8d60-007e-b861-0086ead314ef,asian,nonhispanic,M,0,5,0,2.0,0.0,1,324.7,103.0
38a5661c-416a-08e9-6aed-3bccb151e7e4,white,nonhispanic,F,0,0,1,1.0,0.0,0,271.8,102.5
83b45fe6-567c-aa27-5853-4125ea3d27cf,white,nonhispanic,M,0,11,0,13.0,3.0,1,413.1,101.1
eae75d29-6652-18e9-f5bf-07fa75b5ebce,asian,nonhispanic,F,0,2,0,9.0,0.0,0,288.0,103.0
8679d90d-1b99-b8a8-6fc8-f5274f7e9e80,white,nonhispanic,M,0,14,0,2.0,0.0,1,426.3,102.8
420233c9-8b17-3505-56ee-4a36659faf13,white,nonhispanic,F,0,9,1,4.0,0.0,0,406.8,100.8
e36a494a-1a8a-2029-edd9-1b2f768232ba,asian,nonhispanic,F,0,2,0,9.0,0.0,1,342.8,101.4
3cce2a59-ea56-29b7-7f81-00d8dd52b6ea,white,nonhispanic,M,0,8,0,13.0,1.0,1,333.1,101.0
fd8fcc36-68e9-c3ae-9e6b-f0e023cfac27,hawaiian,nonhispanic,F,0,17,0,0.0,2.0,0,318.2,101.2
33469efc-5b9a-e5fe-a3be-b99e946395d3,white,nonhispanic,M,1,3,1,11.0,0.0,1,285.1,101.7
f4b28b81-0c49-d919-8a75-a7a8912d5556,hawaiian,nonhispanic,F,1,3,0,11.0,2.0,0,332.5,100.6
81865e6e-7ce5-f2a9-202f-220bf23a3947,white,nonhispanic,F,1,5,1,14.0,3.0,0,287.6,100.4
c3a6a691-c2b9-a81e-3b0e-46362af0d52e,native,nonhispanic,F,1,7,1,16.0,1.0,0,292.1,102.6
f4cd1424-0a65-96d3-e184-56b02e74398f,white,nonhispanic,F,0,4,0,13.0,4.0,0,252.0,101.3
7011f231-ff8e-2605-61da-de2f2d86c68a,white,nonhispanic,M,0,14,0,2.0,1.0,1,323.9,101.1
7191d0ae-428f-da64-469a-82e9fb352db6,white,nonhispanic,M,0,1,0,6.0,1.0,0,269.8,102.2
0fdf6b0f-5954-0563-c023-851d12bac175,white,nonhispanic,F,0,19,0,8.0,0.0,0,412.9,102.1
8aa8ae8f-9cde-fee6-26cc-e0fafb499dc5,white,nonhispanic,F,0,18,0,1.0,0.0,1,345.1,102.7
9fcdfd12-39a9-a5a9-cbe8-6b3f394663ec,white,nonhispanic,M,0,12,1,2.0,1.0,0,470.6,101.1
f5625e35-e54f-9614-cf5e-2d284fd6baed,hawaiian,nonhispanic,F,0,2,0,6.0,2.0,0,475.9,102.1
e1b08886-e93d-ff5b-5c80-dacbbd8375c0,black,nonhispanic,M,0,5,0,14.0,1.0,0,279.4,101.0
d8fbb6b0-e632-b596-3923-815158308c82,native,nonhispanic,F,0,3,1,11.0,2.0,0,481.3,101.6
576f9753-a16f-cde4-f56e-daf6454ae022,white,nonhispanic,F,0,2,0,9.0,0.0,1,376.0,101.1
86897cba-5e7c-0a47-7833-d0b613f44574,white,nonhispanic,M,1,19,0,9.0,0.0,1,442.6,101.2
689d3181-b15f-7a7d-3bfa-02b85a37c43b,white,nonhispanic,F,0,12,0,10.0,3.0,0,347.9,100.7
cf9f4af6-2430-13d6-6f3f-605714b8a6ab,native,nonhispanic,F,0,1,1,6.0,1.0,0,286.9,100.5
e28969c1-cc28-2b27-9424-ffa59d85d673,asian,nonhispanic,F,0,3,0,11.0,2.0,0,316.8,101.5
24345c85-28bc-fe07-29a9-5aa6f006adc9,white,nonhispanic,M,0,3,0,11.0,2.0,0,494.9,101.8
1b89ae9b-abcd-689f-eea1-298026950beb,white,nonhispanic,M,0,8,1,1.0,0.0,0,486.6,101.9
31c1ab33-80b5-d97b-2cb3-b88cad539e7d,white,nonhispanic,F,0,1,0,6.0,1.0,1,414.6,102.7
70c119f4-92d4-a341-a924-a11f5d0ab51f,white,nonhispanic,M,0,6,0,15.0,1.0,1,273.6,101.7
430cd3b5-d230-f7f7-925e-4a5318da09cd,white,nonhispanic,F,0,3,0,11.0,0.0,0,297.4,100.6
cd1762bb-df22-3c40-7ff3-6a4b118a4985,native,nonhispanic,F,0,19,0,8.0,4.0,0,382.7,102.8
abe694ea-3597-56a0-df2c-ce8ec0252de4,white,nonhispanic,M,0,11,1,1.0,0.0,0,324.4,102.4
0abb2932-da50-ba64-cc11-c24e1fb1da05,other,nonhispanic,F,0,2,0,9.0,2.0,0,446.2,101.7
26f6ee70-7d6f-0b52-ffba-7361a8d6b10c,white,nonhispanic,F,0,8,0,4.0,3.0,0,449.5,102.3
7e92403c-9dbe-241d-45fe-829d15a284bb,white,nonhispanic,M,1,1,1,6.0,0.0,0,427.3,102.2
1e122d57-fdc8-eebc-d6ed-c876ed8db15c,white,nonhispanic,M,0,2,0,9.0,0.0,0,448.1,101.2
7d7283df-7ed5-3b10-ab28-ef79ab14d120,white,nonhispanic,F,0,3,1,5.0,1.0,0,304.6,101.8
c5afd70c-1466-5035-af33-d51418577f7a,native,nonhispanic,F,0,19,0,5.0,1.0,0,325.9,102.3
c622620c-2687-a641-eabe-286ed4692265,native,nonhispanic,M,0,11,1,8.0,4.0,0,332.4,101.1
0ffcd85c-f4c2-de73-7f70-10169af7fa24,white,nonhispanic,M,0,19,1,5.0,1.0,0,485.1,102.8
575a367d-32dd-eb98-6852-dd726be2638a,white,nonhispanic,M,0,20,1,8.0,2.0,0,398.9,101.5
5fc15bd6-a50d-04de-1931-315618b29811,white,nonhispanic,F,1,1,0,6.0,0.0,0,397.3,101.0
774dd3ba-4ad9-d7b5-6cc1-1fd279c4a2ba,white,nonhispanic,F,0,2,0,9.0,1.0,0,491.7,102.3
a519942f-78b5-f321-1824-b36cdcde170c,white,nonhispanic,M,0,13,0,6.0,2.0,1,433.4,102.5
e3dc2754-0b44-08f0-daa3-25dcaef3709d,asian,nonhispanic,F,0,19,0,4.0,1.0,0,382.3,102.6
6ee7401a-30cb-537b-d226-fee9ff802aeb,white,nonhispanic,F,0,1,0,6.0,0.0,0,329.3,100.5
0e7b4f02-574d-0902-1e8f-fabfa7a876fa,white,nonhispanic,F,0,9,1,8.0,2.0,0,474.1,100.9
2a372f10-22e0-8773-72e1-108775c5aee9,white,nonhispanic,F,0,3,1,2.0,1.0,0,468.7,101.2
03228b6a-edef-2a78-e3b7-bc3d34d04217,other,nonhispanic,F,0,10,1,7.0,2.0,0,425.8,100.6
fe9e8ecf-79e1-545d-a28b-26274781bd97,hawaiian,nonhispanic,M,0,12,0,10.0,5.0,0,382.0,102.5
eba28f1d-1db0-e1a8-9f7f-33cdf61c8af2,asian,nonhispanic,F,0,6,1,1.0,0.0,0,378.5,100.8
79aef403-f202-d7f5-a7bd-17d41eee268a,white,nonhispanic,F,0,17,1,5.0,2.0,0,361.2,102.9
1748fa10-1d91-69e5-bc0f-2b4041712e11,white,nonhispanic,M,1,7,0,16.0,4.0,0,334.3,102.3
9d220797-afa3-2dbf-d979-ace542e15e86,white,nonhispanic,M,1,2,0,9.0,1.0,0,447.9,102.5
a1462169-9a8a-2090-f8ba-5a156f097e35,white,nonhispanic,F,0,3,0,1.0,0.0,0,339.4,101.5
5327a9d8-374f-ab74-23f2-eb542438b056,white,nonhispanic,F,0,15,0,3.0,1.0,1,268.6,102.0
8178457c-4eba-11f7-14a1-21b06e02c761,white,nonhispanic,F,0,8,1,17.0,10.0,1,368.8,102.5
9d96f2d8-333d-8d8d-19ba-10ed334c06a5,white,nonhispanic,M,0,2,1,4.0,2.0,0,359.6,101.3
5d102f9f-543b-d0bc-e509-6887faddb0da,white,nonhispanic,F,0,13,0,6.0,1.0,0,315.5,102.3
1ac16be4-9c27-bc83-e3cb-1ea35040406f,white,nonhispanic,M,0,11,0,11.0,3.0,1,335.0,102.1
6b17b083-39c0-f107-e905-ee89ad02d0ed,white,nonhispanic,F,0,6,1,7.0,1.0,0,381.3,100.6
3edd7198-2494-cc95-d844-ab3a3adb562f,white,nonhispanic,F,0,19,0,5.0,6.0,1,377.7,102.9
1ede9f9d-ba2b-7e4c-dc7d-6e461139250c,white,nonhispanic,F,0,4,0,8.0,0.0,0,499.9,100.6
03edc846-5e5d-00d6-e7a5-7e687f084b40,other,nonhispanic,F,0,18,0,3.0,3.0,1,368.2,101.9
4f2cb070-d506-05e6-74bf-828f9000f269,white,nonhispanic,M,0,2,0,2.0,0.0,0,304.4,100.5
3c77e517-7aa2-1a38-33f3-ca2b56f7c575,white,nonhispanic,M,1,2,1,9.0,0.0,0,349.3,100.6
2aebdebf-c1bf-b10c-a833-15cc26901628,white,nonhispanic,F,0,2,0,9.0,0.0,1,444.3,101.3
3b71c71e-a941-014d-b2b1-71a4b8d80c1d,white,nonhispanic,F,0,8,1,3.0,0.0,0,344.2,101.2
d8ffc486-d61a-8dcf-fd09-19b12534eef9,native,nonhispanic,F,0,18,0,17.0,4.0,0,332.8,101.7
936a793c-34c8-6023-4047-13ae8c1eace8,white,nonhispanic,F,0,2,0,9.0,0.0,0,350.5,101.6
66cbb189-8ebd-df78-4bc7-26dbb1d4f7cb,white,nonhispanic,M,0,10,1,3.0,0.0,0,445.6,101.7
3a0500f6-a2fc-7092-a406-f0622ac3a61b,white,nonhispanic,M,0,10,0,2.0,1.0,0,458.0,102.5
805d1919-fd1f-6313-79a1-d37e82014404,white,nonhispanic,F,0,20,0,8.0,2.0,0,473.2,100.6
4e11fddc-9e90-5da5-3685-c01d0efb8542,white,nonhispanic,F,0,1,0,6.0,0.0,0,464.2,100.5
243d3ef4-0fb2-edb0-441f-45b5701bf2db,white,nonhispanic,F,0,0,0,1.0,0.0,1,329.7,101.0
c8c17f8f-5d4d-5f59-0f25-87ae32e6e16a,native,hispanic,F,0,9,0,17.0,4.0,1,356.6,102.5
4907e10f-4a61-2ea0-598a-633faa36da2c,white,nonhispanic,M,0,5,0,1.0,0.0,1,492.5,101.2
f100ec51-5788-6bbc-a99a-a710500de6ae,asian,nonhispanic,M,0,2,0,9.0,0.0,0,414.2,102.9
df7426fb-f175-f64f-a0f3-f9b0737ed28c,black,nonhispanic,F,0,9,0,3.0,1.0,0,495.1,100.7
f452cd4d-b46a-2649-b1b9-e8b723d42f01,hawaiian,nonhispanic,M,0,2,1,8.0,0.0,0,441.4,101.6
f3c141cf-3c2a-df1b-0be7-71d0e1b0506d,hawaiian,hispanic,F,0,13,0,4.0,1.0,0,481.9,102.8
028062c4-4a54-dd30-b166-51641d3ec9fc,other,nonhispanic,M,0,17,1,0.0,1.0,0,398.8,102.8
02ad7d05-1836-3305-e941-c94e79d4283b,other,nonhispanic,M,0,5,0,14.0,2.0,0,367.5,101.3
10545fda-0b7f-f479-a9eb-a50534aba634,white,nonhispanic,M,0,0,0,1.0,0.0,1,496.1,102.9
7bc234c8-14f5-134f-9fd7-d02b752cc1d3,white,nonhispanic,M,0,1,0,6.0,0.0,0,405.8,102.3
33dda6d1-bc76-060b-77c4-e278d1a93291,white,nonhispanic,F,0,20,1,8.0,3.0,0,435.9,100.5
0b299455-7c54-03f3-2812-0d6509d5b286,other,nonhispanic,M,0,12,0,3.0,2.0,1,412.6,102.0
84c9e441-fa88-33c8-5d87-91b863998d26,white,nonhispanic,F,1,2,1,9.0,1.0,0,250.6,100.9
7837ca92-1dc3-b3ef-a7f9-4207e439775c,white,nonhispanic,M,0,17,0,15.0,2.0,0,435.9,101.1
3f3ad6c2-337b-9d48-47b7-b2197a0a0500,white,nonhispanic,F,1,2,1,9.0,0.0,1,448.6,100.8
32d8410a-cc4b-4d8b-601d-3ad2b8ef912b,white,nonhispanic,M,0,9,0,8.0,4.0,0,391.1,102.0
2e3402a9-45ff-3558-8450-375f17107ca0,white,nonhispanic,M,0,5,1,14.0,2.0,0,303.6,100.8
