PATIENT,BIRTHDATE,RACE,ETHNICITY,GENDER,DEATH_FN,AGE_FN_YEARS
bb37561b-ba65-7c47-db5b-0641bca883b4,2012-02-08,white,nonhispanic,M,0,3
678fc07c-1cb1-acc6-3553-d848200626e9,2006-02-11,white,nonhispanic,F,0,16
04efa71e-b8ed-980b-94a1-cd25e94b6015,2018-04-17,other,nonhispanic,F,0,4
1e466cbc-5018-4c1a-b132-cf8a4a4d87cf,1997-02-18,white,nonhispanic,F,0,21
8e9d1dd0-085f-a629-3ea6-9033f330b383,1996-03-07,white,nonhispanic,F,0,20
fe4a9a3a-206c-048a-94ff-5c15a2ce745a,2004-11-12,hawaiian,nonhispanic,M,0,13
0b33cdec-f69f-d533-1841-cff1c3cc17dc,2010-10-01,other,nonhispanic,F,0,4
f889ed71-2cd9-25c0-e8f3-45e5cc2d23b2,2011-10-07,hawaiian,nonhispanic,F,0,1
86b7c6c8-d523-17ca-38d8-a40ff92ffffd,2016-02-24,white,nonhispanic,F,0,6
2bf20537-d380-be8f-c0f9-ddac7d315d34,1997-04-30,white,nonhispanic,F,0,18
cea409fe-95a2-abd4-52ff-f7b6b0402c89,2004-11-02,native,nonhispanic,M,0,9
bf17b3d6-8405-672d-3685-a0a78ad7b4ec,2019-03-11,white,nonhispanic,M,0,3
0dc670fe-5d98-e434-d1f6-4f253535f817,2012-08-26,white,nonhispanic,M,0,2
c78eed45-20a3-2522-a096-07bdcb9c0a27,2011-06-18,native,nonhispanic,F,0,4
88d26be4-93fc-0254-98a2-4cc3f8259220,2005-07-14,white,nonhispanic,F,0,7
5429227f-c53f-74a3-2636-1a19fc58c4ac,1995-04-07,white,nonhispanic,M,0,20
3f3006ef-27bf-6259-6db6-2b87e4b46b24,2014-06-15,white,nonhispanic,M,0,7
485e1481-6b29-0b93-d96f-efc9fa3d2c5f,2010-07-16,white,nonhispanic,M,0,5
4b7bb9f6-5aba-da84-b8b5-d7eb362e51d8,2012-08-06,white,nonhispanic,M,0,4
3ad364dd-9b86-0a69-3a14-4323f141a630,2013-09-19,white,nonhispanic,M,0,1
87e7b2e1-cbf0-5e1f-d0a9-9a916522221b,1968-05-10,white,nonhispanic,F,0,7
4638c14d-45e5-0834-8783-fd8971080b9b,2015-05-29,white,nonhispanic,M,0,5
73bce5aa-52fc-9101-e1f1-a80e84447b25,1981-12-20,white,nonhispanic,F,1,15
ea652b8e-8d60-007e-b861-0086ead314ef,1967-05-07,asian,nonhispanic,M,0,5
38a5661c-416a-08e9-6aed-3bccb151e7e4,2019-11-09,white,nonhispanic,F,0,0
83b45fe6-567c-aa27-5853-4125ea3d27cf,2011-03-01,white,nonhispanic,M,0,11
eae75d29-6652-18e9-f5bf-07fa75b5ebce,2018-06-03,asian,nonhispanic,F,0,2
8679d90d-1b99-b8a8-6fc8-f5274f7e9e80,2001-01-07,white,nonhispanic,M,0,14
420233c9-8b17-3505-56ee-4a36659faf13,2008-01-07,white,nonhispanic,F,0,9
e36a494a-1a8a-2029-edd9-1b2f768232ba,2014-10-08,asian,nonhispanic,F,0,2
3cce2a59-ea56-29b7-7f81-00d8dd52b6ea,2011-09-16,white,nonhispanic,M,0,8
fd8fcc36-68e9-c3ae-9e6b-f0e023cfac27,1995-07-05,hawaiian,nonhispanic,F,0,17
33469efc-5b9a-e5fe-a3be-b99e946395d3,1977-08-10,white,nonhispanic,M,1,3
f4b28b81-0c49-d919-8a75-a7a8912d5556,2015-12-18,hawaiian,nonhispanic,F,1,3
81865e6e-7ce5-f2a9-202f-220bf23a3947,2014-04-03,white,nonhispanic,F,1,5
c3a6a691-c2b9-a81e-3b0e-46362af0d52e,1948-06-03,native,nonhispanic,F,1,7
f4cd1424-0a65-96d3-e184-56b02e74398f,2014-04-03,white,nonhispanic,F,0,4
7011f231-ff8e-2605-61da-de2f2d86c68a,1968-02-27,white,nonhispanic,M,0,14
7191d0ae-428f-da64-469a-82e9fb352db6,2017-08-22,white,nonhispanic,M,0,1
0fdf6b0f-5954-0563-c023-851d12bac175,2002-01-17,white,nonhispanic,F,0,19
8aa8ae8f-9cde-fee6-26cc-e0fafb499dc5,1994-08-06,white,nonhispanic,F,0,18
9fcdfd12-39a9-a5a9-cbe8-6b3f394663ec,2002-11-08,white,nonhispanic,M,0,12
f5625e35-e54f-9614-cf5e-2d284fd6baed,2012-09-30,hawaiian,nonhispanic,F,0,2
e1b08886-e93d-ff5b-5c80-dacbbd8375c0,1966-10-28,black,nonhispanic,M,0,5
d8fbb6b0-e632-b596-3923-815158308c82,2016-04-10,native,nonhispanic,F,0,3
576f9753-a16f-cde4-f56e-daf6454ae022,2014-07-31,white,nonhispanic,F,0,2
86897cba-5e7c-0a47-7833-d0b613f44574,1969-12-30,white,nonhispanic,M,1,19
689d3181-b15f-7a7d-3bfa-02b85a37c43b,2009-07-06,white,nonhispanic,F,0,12
cf9f4af6-2430-13d6-6f3f-605714b8a6ab,2019-10-30,native,nonhispanic,F,0,1
e28969c1-cc28-2b27-9424-ffa59d85d673,2015-05-09,asian,nonhispanic,F,0,3
24345c85-28bc-fe07-29a9-5aa6f006adc9,2017-07-06,white,nonhispanic,M,0,3
1b89ae9b-abcd-689f-eea1-298026950beb,2005-04-02,white,nonhispanic,M,0,8
31c1ab33-80b5-d97b-2cb3-b88cad539e7d,2013-06-08,white,nonhispanic,F,0,1
70c119f4-92d4-a341-a924-a11f5d0ab51f,2012-07-24,white,nonhispanic,M,0,6
430cd3b5-d230-f7f7-925e-4a5318da09cd,2015-09-16,white,nonhispanic,F,0,3
cd1762bb-df22-3c40-7ff3-6a4b118a4985,2002-01-01,native,nonhispanic,F,0,19
abe694ea-3597-56a0-df2c-ce8ec0252de4,2001-07-27,white,nonhispanic,M,0,11
0abb2932-da50-ba64-cc11-c24e1fb1da05,2014-01-11,other,nonhispanic,F,0,2
26f6ee70-7d6f-0b52-ffba-7361a8d6b10c,2006-04-20,white,nonhispanic,F,0,8
7e92403c-9dbe-241d-45fe-829d15a284bb,1989-02-14,white,nonhispanic,M,1,1
1e122d57-fdc8-eebc-d6ed-c876ed8db15c,2015-01-16,white,nonhispanic,M,0,2
7d7283df-7ed5-3b10-ab28-ef79ab14d120,2011-04-09,white,nonhispanic,F,0,3
c5afd70c-1466-5035-af33-d51418577f7a,1998-01-07,native,nonhispanic,F,0,19
c622620c-2687-a641-eabe-286ed4692265,2009-05-11,native,nonhispanic,M,0,11
0ffcd85c-f4c2-de73-7f70-10169af7fa24,1998-04-12,white,nonhispanic,M,0,19
575a367d-32dd-eb98-6852-dd726be2638a,2000-08-28,white,nonhispanic,M,0,20
5fc15bd6-a50d-04de-1931-315618b29811,1983-11-05,white,nonhispanic,F,1,1
774dd3ba-4ad9-d7b5-6cc1-1fd279c4a2ba,1968-12-07,white,nonhispanic,F,0,2
a519942f-78b5-f321-1824-b36cdcde170c,1992-10-20,white,nonhispanic,M,0,13
e3dc2754-0b44-08f0-daa3-25dcaef3709d,1997-08-30,asian,nonhispanic,F,0,19
6ee7401a-30cb-537b-d226-fee9ff802aeb,2016-03-17,white,nonhispanic,F,0,1
0e7b4f02-574d-0902-1e8f-fabfa7a876fa,2010-05-02,white,nonhispanic,F,0,9
2a372f10-22e0-8773-72e1-108775c5aee9,2010-04-13,white,nonhispanic,F,0,3
03228b6a-edef-2a78-e3b7-bc3d34d04217,2008-08-28,other,nonhispanic,F,0,10
fe9e8ecf-79e1-545d-a28b-26274781bd97,2009-07-06,hawaiian,nonhispanic,M,0,12
eba28f1d-1db0-e1a8-9f7f-33cdf61c8af2,2007-03-04,asian,nonhispanic,F,0,6
79aef403-f202-d7f5-a7bd-17d41eee268a,1999-08-10,white,nonhispanic,F,0,17
1748fa10-1d91-69e5-bc0f-2b4041712e11,1977-07-07,white,nonhispanic,M,1,7
9d220797-afa3-2dbf-d979-ace542e15e86,2000-06-11,white,nonhispanic,M,1,2
a1462169-9a8a-2090-f8ba-5a156f097e35,2009-08-28,white,nonhispanic,F,0,3
5327a9d8-374f-ab74-23f2-eb542438b056,2000-06-04,white,nonhispanic,F,0,15
8178457c-4eba-11f7-14a1-21b06e02c761,2014-04-01,white,nonhispanic,F,0,8
9d96f2d8-333d-8d8d-19ba-10ed334c06a5,2011-08-02,white,nonhispanic,M,0,2
5d102f9f-543b-d0bc-e509-6887faddb0da,2005-08-03,white,nonhispanic,F,0,13
1ac16be4-9c27-bc83-e3cb-1ea35040406f,2010-05-30,white,nonhispanic,M,0,11
6b17b083-39c0-f107-e905-ee89ad02d0ed,2010-08-28,white,nonhispanic,F,0,6
3edd7198-2494-cc95-d844-ab3a3adb562f,1998-08-29,white,nonhispanic,F,0,19
1ede9f9d-ba2b-7e4c-dc7d-6e461139250c,2011-06-27,white,nonhispanic,F,0,4
03edc846-5e5d-00d6-e7a5-7e687f084b40,1997-08-24,other,nonhispanic,F,0,18
4f2cb070-d506-05e6-74bf-828f9000f269,2011-01-19,white,nonhispanic,M,0,2
3c77e517-7aa2-1a38-33f3-ca2b56f7c575,1960-11-01,white,nonhispanic,M,1,2
2aebdebf-c1bf-b10c-a833-15cc26901628,2014-02-01,white,nonhispanic,F,0,2
3b71c71e-a941-014d-b2b1-71a4b8d80c1d,2006-06-10,white,nonhispanic,F,0,8
d8ffc486-d61a-8dcf-fd09-19b12534eef9,2002-04-13,native,nonhispanic,F,0,18
936a793c-34c8-6023-4047-13ae8c1eace8,2018-11-28,white,nonhispanic,F,0,2
66cbb189-8ebd-df78-4bc7-26dbb1d4f7cb,2006-01-29,white,nonhispanic,M,0,10
3a0500f6-a2fc-7092-a406-f0622ac3a61b,2004-10-03,white,nonhispanic,M,0,10
805d1919-fd1f-6313-79a1-d37e82014404,2000-08-10,white,nonhispanic,F,0,20
4e11fddc-9e90-5da5-3685-c01d0efb8542,2013-03-18,white,nonhispanic,F,0,1
243d3ef4-0fb2-edb0-441f-45b5701bf2db,2013-09-13,white,nonhispanic,F,0,0
c8c17f8f-5d4d-5f59-0f25-87ae32e6e16a,2013-01-08,native,hispanic,F,0,9
4907e10f-4a61-2ea0-598a-633faa36da2c,2008-02-20,white,nonhispanic,M,0,5
f100ec51-5788-6bbc-a99a-a710500de6ae,2018-09-22,asian,nonhispanic,M,0,2
df7426fb-f175-f64f-a0f3-f9b0737ed28c,2007-03-20,black,nonhispanic,F,0,9
f452cd4d-b46a-2649-b1b9-e8b723d42f01,2012-04-09,hawaiian,nonhispanic,M,0,2
f3c141cf-3c2a-df1b-0be7-71d0e1b0506d,1971-10-02,hawaiian,hispanic,F,0,13
028062c4-4a54-dd30-b166-51641d3ec9fc,1996-03-15,other,nonhispanic,M,0,17
02ad7d05-1836-3305-e941-c94e79d4283b,2013-01-26,other,nonhispanic,M,0,5
10545fda-0b7f-f479-a9eb-a50534aba634,2021-02-16,white,nonhispanic,M,0,0
7bc234c8-14f5-134f-9fd7-d02b752cc1d3,2021-01-13,white,nonhispanic,M,0,1
33dda6d1-bc76-060b-77c4-e278d1a93291,2000-10-26,white,nonhispanic,F,0,20
0b299455-7c54-03f3-2812-0d6509d5b286,2004-02-14,other,nonhispanic,M,0,12
84c9e441-fa88-33c8-5d87-91b863998d26,1944-08-04,white,nonhispanic,F,1,2
7837ca92-1dc3-b3ef-a7f9-4207e439775c,1996-01-13,white,nonhispanic,M,0,17
3f3ad6c2-337b-9d48-47b7-b2197a0a0500,1969-07-18,white,nonhispanic,F,1,2
32d8410a-cc4b-4d8b-601d-3ad2b8ef912b,2006-08-23,white,nonhispanic,M,0,9
2e3402a9-45ff-3558-8450-375f17107ca0,2016-06-25,white,nonhispanic,M,0,5
